   ;IDENT;NAME
1;1231;Третьей Пятилетки
2;3л1пр;3-я линия 1-ый проезд
3;4;4-я/й
4;40654;в/ч 40654
5;42243;в/ч 42243
6;42312;в/ч 42312
7;42842;в/ч 42842
8;43123;в/ч 43123
9;44622;в/ч 44622
10;49242;в/ч 49242
11;49247;в/ч 49247
12;49357;в/ч 49357
13;5;5-я/й
14;51378;в/ч 51378
15;51391;в/ч 51391
16;51522;в/ч 51522
17;53001;в/ч 53001
18;53033;в/ч 53033
19;53892;в/ч 53892
20;53933;в/ч 53933
21;53955;в/ч 53955
22;53964;в/ч 53964
23;55751;в/ч 55751
24;56016;в/ч 56016
25;59141;в/ч 59141
26;6;6-я/й
27;62260;в/ч 62260
28;69260;в/ч 69260
29;7;7-я/й
30;71113;в/ч 71113
31;78350;в/ч 78350
32;78451;в/ч 78451
33;8;8-я/й
34;81357;в/ч 81357
35;81367;в/ч 81367
36;81858;в/ч 81858
37;86687;в/ч 86687
38;87233;в/ч 87233
39;9;9-я/й
40;90281;в/ч 90281
41;90388;в/ч 90388
42;90450;в/ч 90450
43;91203;в/ч 91203
44;95041;в/ч 95041
45;95210;в/ч 95210
46;95928;в/ч 95928
47;97728;в/ч 97728
48;9Мая;9 Мая
49;9Янва;9 Января
50;АБайк;Академика Байкова
51;АБлок;Александра Блока
52;АДани;Архитектора Данини
53;АКонс;Академика Константинова
54;АЛаза;Адмирала Лазарева
55;АЛебе;Академика Лебедева
56;АМатр;Александра Матросова
57;АНевс;Александра Невского
58;АОвсе;Антонова-Овсеенко
59;АПавл;Академика Павлова
60;АТавп;Александра Товпеко
61;АТолс;Алексея Толстого
62;АУлья;Александра Ульянова
63;АФерм;Александровской Фермы
64;АШима;Академика Шиманского
65;Аброс;Абросимова
66;Аванг;Авангардная
67;Авиак;Авиаконструкторов
68;Авиац;Авиационная
69;Авров;Аврова
70;Аврор;Авроры
71;Автов;Автовская
72;Автог;Автогенная
73;Аграр;Аграрная
74;Адмир;Адмиралтейская/ий
75;АкадЧ;Академический
76;Аккур;Аккуратова
77;Алек1;Алексеевская 1-я
78;Алек2;Алексеевская 2-я
79;АлекК;Александровская/ий/ое
80;АлекС;Александрийское
81;Алекс;Алексеевская
82;Аллей;Аллейная
83;Алтай;Алтайская
84;Альпи;Альпийский
85;Аммер;Аммермана
86;Ангар;Ангарская
87;Англи;Английский/ая
88;АндрК;Андреевская/ое
89;Андре;Андреева
90;Аниси;Анисимова
91;Аннен;Аннинское
92;Антен;Антенное
93;АнтоК;Антоновская
94;Антон;Антоненко
95;Апрак;Апраксин
96;Апрел;Апрельская
97;Аптек;Аптекарский
98;Аркти;Арктическая/ий
99;АрсеК;Арсеньевский
100;Арсен;Арсенальная
101;Артил;Артиллерийская/ий
102;Асафь;Асафьева
103;Астра;Астраханская
104;Астро;Астрономическая
105;Атама;Атаманская
106;Афана;Афанасьевская
107;Афон;Афонская
108;Ахмат;Ахматовская
109;Аэрод;Аэродромная/ый
110;Б1Озе;Береговая 1-го Озера
111;Б2Озе;Береговая 2-го Озера
112;ББруе;Бонч-Бруевича
113;БВИР;База ВИР
114;БВаси;Братьев Васильевых
115;БГорк;Братьев Горкушенко
116;БГорс;Большая Горская
117;БДеся;Большая Десятинная
118;БЗеле;Большая Зеленина
119;БКазЧ;Большой Казачий
120;БКаме;Большая Каменка
121;БКоню;Большая Конюшенная
122;БКуна;Белы Куна
123;БКупа;Большая Купальная
124;БЛаге;Большая Лагерная
125;БЛите;Большой Литейный
126;БМени;Блан-Менильская
127;БМоне;Большая Монетная
128;БМорс;Большая Морская
129;БМоск;Большая Московская
130;БОзер;Большая Озерная
131;БОхти;Большеохтинский
132;БПодь;Большая Подьяческая
133;БПоро;Большая Пороховская
134;БПоса;Большая Посадская
135;БПушк;Большая Пушкарская
136;БРадч;Братьев Радченко
137;БРазн;Большая Разночинная
138;БСамп;Большой Сампсониевский
139;БСмол;Большой Смоленский
140;БХмел;Богдана Хмельницкого
141;БЯбло;Большая Яблоневка
142;Бабиг;Бабагонская/ое
143;Бабуш;Бабушкина
144;Бадае;Бадаева
145;Байка;Байкальская
146;Байко;Байконурская
147;Бакун;Бакунина
148;Балти;Балтийская/ий
149;Банко;Банковский
150;Барма;Бармалеева
151;Бароч;Барочная
152;Барри;Баррикадная
153;Баско;Басков
154;Бассе;Бассейная
155;Батай;Батайский
156;Бегов;Беговая
157;Безым;Безымянная/ый
158;Белгр;Белградская
159;Белин;Белинского
160;Белоз;Белозерки
161;Белом;Беломорская
162;Белоо;Белоостровская/ое
163;Белор;Белорусская
164;Белоу;Белоусова
165;Белыш;Белышева
166;Бере1;Березовая 1-ая
167;Берег;Береговая/ой
168;Берез;Березовая/ый
169;Берин;Беринга
170;Бесту;Бестужевская
171;Бехте;Бехтерева
172;Бирже;Биржевая/ой
173;БлагВ;Благоева
174;Благо;Благодатная
175;Блохи;Блохина
176;Бобру;Бобруйская
177;Бобыл;Бобыльская
178;Богай;Богайчука
179;Богат;Богатырский
180;Богум;Богумиловская
181;Бойцо;Бойцова
182;Бокси;Бокситогорская
183;Болот;Болотная/ый
184;БольВ;Большевиков
185;БольК;Большевистская
186;Больш;Большая/ой
187;Борис;Борисова
188;БороК;Бородинская
189;1Прое;Проезда 1-го
190;25Окт;25 Октября
191;41;41-й
192;64;64-й
193;Акаде;Академиков
194;АлекР;Александрия
195;Аптеч;Аптечная
196;Бабан;Бабанова
197;БольГ;Больничная Горка
198;Бугро;Бугровая
199;Буден;Буденного
200;ВВоль;Высоковольтная
201;Валие;Валиева
202;Васил;Васильева
203;Волни;Волнистая
204;Вольн;Вольновская
205;Гартн;Гартнеровский
206;Грибо;Грибоедова
207;Громы;Громыхалова
208;Даль7;Дальняя 7-я
209;Дача;Дача
210;Дачн1;Дачная 1-я
211;Дачн2;Дачная 2-я
212;Дорож;Дорожная
213;Дубин;Дубинский
214;Елова;Еловая
215;ЖБу22;Железнодор. Будка, 22 км
216;ЖБу24;Железнодор. Будка, 24 км
217;ЖБу25;Железнодор. Будка, 25 км
218;ЖБудк;Железнодорожная Будка
219;ЖКа31;Железнодор.казарма, 31 км
220;Зеле2;2-я Зеленая
221;КЛах1;1-я Конная Лахта
222;КЛах3;3-я Конная Лахта
223;Каз13;Казарма 13
224;Каз14;Казарма 14
225;Каз16;Казарма 16
226;Каз17;Казарма 17
227;Каз18;Казарма 18
228;Каз21;Казарма 21
229;КамКа;Каменка
230;Князе;Князево
231;Колод;Колодезная
232;КоннЛ;Конно-Лахтинский
233;Краси;Красина
234;Кривц;Кривцова
235;КропК;Кропоткинская
236;Кудри;Кудринская
237;Куро1;Курортный 1-й
238;Лейте;Лейтенантов
239;Лобач;Лобачека
240;ЛуизК;Луизинская
241;Минин;Минина
242;Монас;Монастырская
243;Мосто;Мостовая
244;Музык;Музыкальная
245;НВест;Нововестенская
246;НЗаво;Новые Заводы
247;НКоло;Нижняя Колония
248;ННарв;Новонарвская/ий/ое
249;НикВа;Николаева
250;Нова1;Новая 1-я
251;Нова2;Новая 2-я
252;НоваК;Новаторская/ий
253;ОКоше;Олега Кошевого
254;Огоро;Огородникова
255;ОльгК;Ольгинское
256;Орехо;Ореховая
257;Отдых;Отдыха
258;ПКуль;Пролеткульта
259;ПОсип;Полины Осипенко
260;ППасе;Политрука Пасечника
261;ППобе;Пролетарской Победы
262;Пензе;Пензенский
263;Плеха;Плеханова
264;Боров;Боровая/ой
265;Бород;Бородачева
266;Ботан;Ботаническая
267;Ботки;Боткинская
268;БратК;Братская
269;Братс;Братства
270;Брест;Брестский
271;Бринь;Бринько
272;Бродс;Бродского
273;БронЦ;Бронницкая
274;Броне;Бронетанковая
275;Бронн;Бронная
276;Брюсо;Брюсовская
277;Брянц;Брянцева
278;Бугск;Бугский
279;Будап;Будапештская
280;Бумаж;Бумажная/ый
281;Бурен;Буренина
282;Бурце;Бурцева
283;Бутле;Бутлерова
284;Бухар;Бухарестская
285;ВАлек;Васи Алексеева
286;ВВишн;Всеволода Вишневского
287;ВГ2;Военный городок 2
288;ВГ3;Военный городок 3
289;ВГоро;Военный Городок
290;ВДРыб;В Деревню Рыбацкое
291;ВДонс;Волго-Донская/ой
292;ВДуби;Володи Дубинина
293;ВЕрма;Володи Ермака
294;ВМГ1;ВМГ 1-й квартал
295;ВМГ10;ВМГ 10-й квартал
296;ВМГ11;ВМГ 11-й квартал
297;ВМГ12;ВМГ 12-й квартал
298;ВМГ13;ВМГ 13-й квартал
299;ВМГ14;ВМГ 14-й квартал
300;ВМГ15;ВМГ 15-й квартал
301;ВМГ16;ВМГ 16-й квартал
302;ВМГ2;ВМГ 2-й квартал
303;ВМГ4;ВМГ 4-й квартал
304;ВМГ5;ВМГ 5-й квартал
305;ВМГ6;ВМГ 6-й квартал
306;ВМГ7;ВМГ 7-й квартал
307;ВМГ8;ВМГ 8-й квартал
308;ВМГ9;ВМГ 9-й квартал
309;ВПадн;Водопадная
310;ВПесс;Вилли Песси
311;ВПорт;Военный Порт
312;ВПров;Водопроводная
313;ВСлуц;Веры Слуцкой
314;ВСорт;Витебская Сортировочная
315;ВЧ15;в/ч 15
316;ВЧ3;в/ч 3 Красногв.р-на
317;ВавиХ;Вавиловых
318;Вавил;Вавилова
319;Вакул;Вакуленчука
320;Варва;Варваринская
321;Варша;Варшавская
322;Васен;Васенко
323;ВасиВ;Васильковая
324;ВасиК;Васильковская
325;Ватут;Ватутина
326;Введе;Введенская
327;Веден;Веденеева
328;Велещ;Велещинского
329;Вербн;Вербная
330;Верей;Верейская
331;Верещ;Верещагина
332;Верно;Верности
333;Верто;Вертолетная
334;Верхн;Верхняя/ий
335;Весел;Весельная
336;ВетеН;Ветеринарный
337;Ветер;Ветеранов
338;Взлет;Взлетная
339;Вилен;Виленский
340;Витеб;Витебская/ий
341;Влади;Владимирский/ая
342;Военн;Военная
343;Возду;Воздухоплавательная/ый
344;Возне;Вознесенский
345;Возро;Возрождения
346;Воино;Воинова
347;Войко;Войкова
348;Войти;Войтика
349;Вокза;Вокзальная/ое
350;Вол;Вольный
351;Волжс;Волжский
352;ВолкК;Волконская
353;Волко;Волковский
354;Волог;Вологдина
355;Волод;Володарского
356;Волх1;Волховстроевская 1-я
357;Волх2;Волховстроевская 2-я
358;Волх3;Волховстроевская 3-я
359;ВолхН;Волхонский/ое
360;Волхо;Волховский/ое
361;Волын;Волынский
362;Воров;Воровского
363;Ворон;Воронежская
364;Ворош;Ворошилова
365;Воско;Воскова
366;ВоссЛ;Восстановления
367;Восст;Восстания
368;Восто;Восточная/ый
369;Всево;Всеволожская
370;Выбор;Выборгская/ое
371;Высок;Высокая
372;Вязем;Вяземский
373;Вязов;Вязовая
374;ГЗеле;Глухая Зеленина
375;ГИжор;"Гостиница ""Ижора"""
376;ГСимо;Генерала Симоняка
377;ГУспе;Глеба Успенского
378;ГХазо;Генерала Хазова
379;ГХрул;Генерала Хрулева
380;ГаваК;Гаванская
381;Гаван;Гаванная
382;Гаврс;Гаврская
383;Гагар;Гагаринская
384;Газа;Газа
385;Газов;Газовая/ый
386;Гакке;Гаккелевская
387;Галер;Галерная/ый
388;Гамбо;Гамболово
389;Гангу;Гангутская
390;Гапса;Гапсальская
391;Гараж;Гаражная
392;Гасте;Гастелло
393;Гатчи;Гатчинская/ое
394;Гвард;Гвардейская
395;Гдань;Гданьская
396;Геоло;Геологическая
397;Герас;Герасимовская
398;Герое;Героев
399;Герце;Герцена
400;Гжатс;Гжатская
401;Гидро;Гидростроителей
402;Главн;Главная
403;Гладк;Гладкова
404;Глазу;Глазурная
405;Глинк;Глинки
406;ГлухС;Глухарская
407;Глуха;Глухариная
408;Гогол;Гоголя
409;Голуб;Голубко
410;Гонча;Гончарная
411;Горб;Горбунова
412;Горел;Гореловская
413;Горна;Горная
414;Горох;Гороховая
415;Горск;Горская/ий/ое
416;Горьк;Горького
417;Госпи;Госпитальная
418;Гост2;Гостилицкое 2-й км
419;Гост4;Гостилицкое 4-й км
420;Гост5;Гостилицкое 5-й км
421;ГостЦ;Гостилицкая/ое
422;Гости;Гостинная
423;Гражд;Гражданская/ий
424;ГранЧ;Граничная/ый
425;Грани;Гранитная
426;Графо;Графова
427;Графс;Графский
428;Графт;Графтио
429;Граче;Грачевка
430;Гребе;Гребецкая
431;Гребн;Гребная
432;Грече;Греческий
433;ГрибХ;Грибакиных
434;Гриба;Грибалевой
435;Гривц;Гривцова
436;Григо;Григорьева
437;Гродн;Гродненский
438;Громо;Громова
439;Грота;Грота
440;Грузи;Грузинская
441;Губин;Губина
442;Гусар;Гусарская
443;Гусев;Гусева
444;ДБедн;Демьяна Бедного
445;ДВоль;Добровольцев
446;ДВост;Дальневосточная/ый
447;ДДепо;Дом Депо
448;ДДолг;Дача Долгорукова
449;ДЛХоз;Дом лесхоза
450;ДЛесн;Дом Лесника
451;ДЛюбо;Добролюбова
452;ДОС;Дома Офицерского Состава
453;ДРида;Джона Рида
454;ДСель;Детскосельская/ий
455;ДУсти;Дмитрия Устинова
456;Дальн;Дальняя
457;Даля;Даля
458;Дачн;Дачная/ый
459;Дашке;Дашкевича
460;Двинс;Двинская
461;Дворц;Дворцовая/ый
462;ДегтН;Дегтярная/ый
463;Дегтя;Дегтярева
464;Декаб;Декабристов
465;Делов;Деловая
466;Демок;Демократическая
467;Депов;Деповская/ий
468;Депут;Депутатская
469;Дерно;Дерновая
470;Дерпт;Дерптский
471;ДесаВ;Десантников
472;Десан;Десантная
473;Десят;Десятинный
474;Детск;Детская/ий
475;Джамб;Джамбула
476;Дзерж;Дзержинского
477;Диаго;Диагональная
478;Дибун;Дибуновская
479;Дивен;Дивенская
480;Димит;Димитрова
481;Динам;Динамо
482;ДмитК;Дмитриевская
483;Дмитр;Дмитровский
484;Днепр;Днепропетровская
485;Добле;Доблести
486;Дойни;Дойникова
487;Долго;Долгоозерная
488;Донец;Донецкая
489;Донск;Донская
490;Досто;Достоевского
491;Дрезд;Дрезденская
492;Дровя;Дровяная/ой
493;Дружб;Дружбы
494;Дружн;Дружносельская
495;Дубко;Дубковский/ое
496;Дубов;Дубовая/ый
497;Дубро;Дубровская
498;Дугов;Дуговая
499;Дудко;Дудко
500;Думск;Думская
501;Дунай;Дунайский
502;Дыбен;Дыбенко
503;Дюма;Дюма
504;ЕЕфет;Евгения Ефета
505;ЕОгне;Евдокима Огнева
506;Егоро;Егорова
507;Екате;Екатерининский/ая
508;Елаги;Елагинский
509;Елени;Еленинская
510;Елецк;Елецкая
511;ЕлизК;Елизаветинская
512;Елиза;Елизарова
513;Елисе;Елисеевская
514;Емель;Емельянова
515;Енота;Енотаевская
516;Ермол;Ермоловский
517;Есени;Есенина
518;Ефимо;Ефимова
519;ЖАнто;Жоры Антоненко
520;ЖБу20;Железнодор. Будка, 20 км
521;ЖБу23;Железнодор. Будка, 23 км
522;ЖБу26;Железнодор. Будка, 26 км
523;ЖБу28;Железнодор. Будка, 28 км
524;ЖБу29;Железнодор. Будка, 29 км
525;ЖБу37;Железнодор. Будка, 37 км
526;ЖБу38;Железнодор. Будка, 38 км
527;ЖБу40;Железнодор. Будка, 40 км
528;ЖВодс;Железноводская
529;ЖДоро;Железнодорожная/ый
530;ЖДюкл;Жака Дюкло
531;ЖЕгор;Жени Егоровой
532;ЖРево;Жертв Революции
533;Жарно;Жарновецкого
534;Ждано;Ждановская
535;Желяб;Желябова
536;Жерн1;Жерновская 1-я
537;Жерн2;Жерновская 2-я
538;Жерн3;Жерновская 3-я
539;Жерн6;Жерновская 6-я
540;Жилго;Жилгородок
541;ЖукВа;Жукова
542;Жуков;Жуковского
543;ЗВокз;Здание вокзала
544;ЗГорс;Зеленогорская
545;ЗКосм;Зои Космодемьянской
546;ЗПорт;Зины Портновой
547;ЗРеми;Заячий Ремиз
548;ЗРосс;Зодчего Росси
549;Завар;Заварина
550;Завод;Заводская/ой
551;Заго1;Загородный 1-й
552;Заго2;Загородный 2-й
553;Загор;Загородная/ый
554;Загре;Загребский
555;Задво;Задворная
556;ЗайцК;Зайцевский
557;Зайце;Зайцева
558;Замши;Замшина
559;ЗанКа;Заневка
560;Занев;Заневский
561;Заозе;Заозерная
562;Запад;Западная/ый
563;Запов;Заповедная
564;Запор;Запорожская/ий
565;ЗареС;Зареченская
566;Зареч;Заречная
567;Заруб;Зарубинская/ий
568;Заста;Заставская
569;ЗахаВ;Захаров
570;ЗахаК;Захаржевская
571;Захар;Захарьевская
572;Заячи;Заячий
573;Звезд;Звездная
574;Звени;Звенигородская
575;Звери;Зверинская
576;Здоро;Здоровцева
577;ЗелеВ;Анны Зеленовой
578;Зелен;Зеленая/ый
579;Земле;Земледельческая
580;Земск;Земская/ий
581;Зенит;Зенитчиков
582;Знаме;Знаменская
583;Золот;Золотая
584;Зонал;Зональная
585;Зооло;Зоологическая/ий
586;Зосим;Зосимова
587;Зубко;Зубковская
588;ИБата;Ижорского Батальона
589;ИСлоб;Ильинская Слобода
590;ИФоми;Ивана Фомина
591;ИЧерн;Ивана Черных
592;Ивано;Ивановская/ий
593;Ижорс;Ижорская
594;Измай;Измайловский
595;Изопл;Изоплит
596;Илико;Иликовский
597;Ильич;Ильича
598;Ильюш;Ильюшина
599;ИндуН;Индустриальный
600;Индус;Индустриализации
601;Инжен;Инженерная
602;ИнстЩ;Инструментальщиков
603;Инсти;Институтская/ий
604;Инстр;Инструментальная
605;Интер;Интернациональная
606;Ирино;Ириновский
607;Исаак;Исаакиевская
608;Искро;Искровский
609;Искус;Искусств
610;Испол;Исполкомская
611;Испыт;Испытателей
612;Италь;Итальянская
613;Июльс;Июльская
614;КАдми;Канала Адмиралтейского
615;КАр10;Красноармейская 10-я
616;КАр11;Красноармейская 11-я
617;КАр12;Красноармейская 12-я
618;КАр13;Красноармейская 13-я
619;КАрм1;Красноармейская 1-я
620;КАрм2;Красноармейская 2-я
621;КАрм3;Красноармейская 3-я
622;КАрм4;Красноармейская 4-я
623;КАрм5;Красноармейская 5-я
624;КАрм6;Красноармейская 6-я
625;КАрм7;Красноармейская 7-я
626;КАрм8;Красноармейская 8-я
627;КАрм9;Красноармейская 9-я
628;КАрме;Красноармейская/ий
629;КАрти;Красной Артилерии
630;КБорс;Красноборский/ая
631;КБума;Канала Бумажного
632;КВоро;Капитана Воронина
633;КВыбо;Красновыборгский
634;КГвар;Красногвардейская/ий
635;КГоро;Красногородская
636;КГрен;Конно-Гренадерская
637;КГриб;Канала Грибоедова
638;КДонс;Краснодонская
639;КДонц;Краснодонцев
640;КЖеле;Красных Железнодорожников
641;КЗасл;Константина Заслонова
642;КЗвез;Красной Звезды
643;КЗорь;Красных Зорь
644;КИМа;КИМа
645;ККома;Красных Командиров
646;ККомс;Канала Комсомольского
647;ККонн;Красной Конницы
648;ККрюк;Канала Крюкова
649;ККурВ;Красных Курсантов
650;ККурс;Красного Курсанта
651;КЛибк;Карла Либкнехта
652;КМарк;Карла Маркса
653;КОбво;Канала Обводного
654;КОстр;Каменноостровский
655;КПарт;Красных Партизан
656;КПруК;Краснопрудская
657;КПруд;Краснопрудная
658;КПути;Краснопутиловская
659;КСвяз;Красной Связи
660;КСель;Красносельская/ое
661;КСидо;Канала Сидоровского
662;КСлав;Красная Славянка
663;КСмир;Комиссара Смирнова
664;КТекс;Красных Текстильщиков
665;КТомч;Коли Томчака
666;КФло1;Краснофлотская 1-ая
667;КФло2;Краснофлотская 2-ая
668;КФлоК;Краснофлотская/ий/ое
669;КФлот;Красного Флота
670;КШала;К Шалашу
671;КЭлек;Красного электрика
672;КЯрск;Красноярская
673;КаваК;Кавалергардская
674;Кавал;Кавалерийская
675;Кадет;Кадетский/ая
676;Каз27;Казарма 27
677;Казан;Казанская
678;Казна;Казначейская
679;Кайбо;Кайборово
680;КалНа;Калинина
681;Калин;Калинкин
682;Калуж;Калужский
683;Каляе;Каляева
684;Каляз;Калязинская
685;Камен;Каменная/ый
686;Камск;Камская
687;КамыК;Камышинская
688;Камыш;Камышовая
689;Канар;Канареечная
690;Канон;Канонерская/ий
691;Канте;Кантемировская
692;Капит;Капитанская
693;Капсю;Капсюльное
694;КараК;Караваевская
695;Карав;Караванная
696;Карбы;Карбышева
697;Карел;Карельский
698;Карпи;Карпинского
699;Карпо;Карпова
700;Карта;Карташихина
701;Карье;Карьерный
702;Касим;Касимовская
703;Кауги;Каугиевская
704;Кахов;Каховского
705;Кварт;Квартальная/ый
706;Кемер;Кемеровская
707;Кемск;Кемская
708;Кибал;Кибальчича
709;Киевс;Киевская/ое
710;Кикви;Киквидзе
711;Кинги;Кингисеппское
712;Кипре;Кипренского
713;Кирил;Кирилловская
714;Кириш;Киришская
715;КироК;Кировская/ий
716;Киров;Кирова
717;Кироч;Кирочная
718;Кирпи;Кирпичный
719;Климо;Климов
720;Клин;Клин
721;Клини;Клиническая
722;Клинс;Клинский
723;Клочк;Клочков
724;Клубн;Клубная
725;Ключе;Ключевая/ой
726;Книпо;Книпович
727;Ковал;Ковалевская
728;Ковен;Ковенский
729;Кодак;Кодакопшино
730;Кодац;Кодацкого
731;Кожев;Кожевенная
732;Козло;Козлова
733;КолВа;Кольцова
734;Колле;Коллективная
735;Колло;Коллонтай
736;КолоЖ;Коломяжский
737;Колок;Колокольная
738;Колом;Коломенская
739;Колпи;Колпинская/ое
740;Колхо;Колхозная/ый
741;Кольс;Кольская
742;Кольц;Кольцевая/ой
743;Комен;Комендантская/ий
744;Комин;Коминтерна
745;КоммВ;Коммунаров
746;КоммК;Коммунистическая
747;Комму;Коммуны
748;Компо;Композиторов
749;Комс2;Комсомольская 2-я
750;КомсК;Комсомольская/ий
751;Комсо;Комсомола
752;Мури1;Муринский 1-й
753;Мури2;Муринский 2-й
754;Муром;Муромцева
755;Мучно;Мучной
756;Мыза;Мыза
757;Мыкко;Мыкколово
758;Мытни;Мытнинская/ий
759;Мясна;Мясная
760;Мясни;Мясникова
761;НАлек;Ново-Александровская
762;НГага;Ново-Гагаринская
763;НГорс;Новогорская
764;НДерН;Новая Деревня
765;НДере;Новодеревенская
766;НЖДор;Новожелезнодорожная
767;НИзма;Ново-Измайловский
768;НКамС;Нижне-Каменская
769;НКаме;На Каменку
770;НКова;Новое Ковалево
771;НКолЖ;Новоколомяжский
772;НКонд;Новокондакопшино
773;НЛадо;Ново-Ладожская
774;НЛито;Ново-Литовская
775;НМест;Новые Места
776;НОвся;Новоовсянниковская
777;НОпол;Народного Ополчения
778;НОрло;Ново-Орловская
779;НПСла;На Петро-Славянку
780;НПоле;Нижняя Полевая
781;НПрое;Новопроектированная
782;НРосс;Новороссийская
783;НСадо;Новосадовая
784;НСелК;Новосельковская
785;НСелк;Новоселки
786;НСело;Новоселов
787;НСиби;Новосибирская
788;НСлоб;Новая Слобода
789;НСмол;Новосмоленская
790;НСтро;Новостроек
791;НУтин;Новоутиная
792;НУшин;Ново-Ушинская
793;НЦент;Новоцентральная
794;НЧерк;Новочеркасский
795;Набер;Набережная/ый
796;Нагор;Нагорная/ый
797;Надго;Надгорная
798;Налич;Наличная
799;Нарвс;Нарвская/ий
800;Народ;Народная/ый
801;Наста;Наставников
802;Науки;Науки
803;НахНа;Нахимсона
804;Нахим;Нахимова
805;Нева;Нева
806;Невзо;Невзоровой
807;Невск;Невская/ий
808;Нежин;Нежинская
809;Нейшл;Нейшлотский
810;Некра;Некрасова
811;Немко;Немкова
812;Непок;Непокоренных
813;Несте;Нестерова
814;Нижн;Нижняя/ий
815;Нижн1;Нижняя 1-я
816;Низа;Низа
817;Ники1;Никитинская 1-я
818;Ники2;Никитинская 2-я
819;НикоГ;Никольского
820;НикоК;Николаевская/ий
821;Никол;Никольская/ий
822;Нов;Новая/ый/ое
823;Новат;Новаторов
824;Новго;Новгородская/ий
825;Ногин;Ногина
826;ОБерг;Ольги Берггольц
827;ОДунд;Олеко Дундича
828;ОМ150;"т/х ""ОМ-150"""
829;ОМ383;"т/х ""ОМ-383"""
830;ОНабе;Озерно-Набережная
831;ООбор;Обуховской Обороны
832;ОПруд;Ольгина Пруда
833;ОРоща;Осиновая Роща
834;ОФедо;Оружейника Федорова
835;ОФорш;Ольги Форш
836;ОборН;Оборонная
837;Оборо;Обороны
838;ОбруВ;Обручевых
839;Обруч;Обрученных
840;ОбухС;Обуховская
841;Общес;Общественная/ый
842;Объез;Объездная/ое
843;Овраж;Овражная
844;ОгорН;Огородная/ый
845;Одесс;Одесская
846;Одоев;Одоевского
847;Озер1;Озерковский 1-й
848;Озер2;Озерковский 2-й
849;Озер3;Озерковский 3-й
850;ОзерС;Озерковская/ий
851;Озерк;Озерковая
852;Озерн;Озерная/ый
853;Окраи;Окраинная
854;Окруж;Окружная
855;ОктяК;Октябрьская/ий
856;ОктяТ;Октябрят
857;Ольги;Ольгин/о
858;Ольми;Ольминского
859;Ольхо;Ольховая
860;Омска;Омская
861;Онежс;Онежский
862;Опочи;Опочинина
863;Опытн;Опытная
864;Оран2;Ораниенбаум 2-й
865;Оранж;Оранжерейная
866;Орани;Ораниенбаумская/ий/ое
867;Орбел;Орбели
868;Орджо;Орджоникидзе
869;Ордин;Ординарная
870;Оренб;Оренбургская
871;Орлов;Орловская/ий
872;Освоб;Освобождения
873;Осипе;Осипенко
874;Оскал;Оскаленко
875;Остоу;Остоумова
876;Остро;Островского
877;Отваж;Отважных
878;Отече;Отечественная
879;Офице;Офицерский
880;Охотн;Охотничий
881;Очако;Очаковская
882;П163;Порт 163
883;ПАлек;Петра Алексеева
884;ПГарь;Пограничника Гарькавого
885;ПГерм;Партизана Германа
886;ПГрад;Петроградская
887;ПГриг;Печатника Григорьева
888;ПДикт;Пролетарской Диктатуры
889;ПЗаво;Петрозаводская/ое
890;ПИУри;Павильон Имени Урицкого
891;ПИваш;Профессора Ивашенцева
892;ПКача;Профессора Качалова
893;ПКозл;Путешественника Козлова
894;ПКоса;Петровская Коса
895;ПКреп;Петропавловская Крепость
896;ПКузь;Подводника Кузьмина
897;ПЛХоз;Парклесхоз
898;ПЛавр;Петра Лаврова
899;ПЛаге;Пионерский Лагерь
900;ПМайс;Первомайская/ий
901;ПМоро;Павлика Морозова
902;ПМузе;Паровозный музей
903;ПНБач;Проезд на Бачагу
904;ПОтде;Пулковское Отделение
905;ППопо;Профессора Попова
906;ПСаби;Полевая Сабировская
907;ПСлав;Петро-Славянка
908;ПСмор;Петра Смородина
909;Павл2;Павловск-2
910;Павло;Павловская/ий/ое
911;Памят;Памятная
912;Панае;Панаева
913;Панфи;Панфилова
914;Парад;Парадная
915;Параш;Парашютная
916;ПаргВ;Парголово
917;Парго;Парголовская/ий
918;Парко;Парковая/ый
919;ПарнН;Парнасная
920;Парна;Парнасская
921;Парни;Парниковая
922;Паров;Паровозная
923;Парох;Пароходная
924;Парти;Партизанский(ая)
925;Пархо;Пархоменко
926;Пасто;Пасторова
927;Певче;Певческий
928;Пельш;Пельше
929;ПереН;Перекупной
930;Перев;Перевозная/ой
931;Перед;Передовиков
932;Перек;Перекопская
933;Переп;Перепада
934;Перфи;Перфильева
935;Песо1;1-я Песочная
936;ПесоК;Песоченское
937;Песоч;Песочная/ый/ое
938;Песте;Пестеля
939;Песча;Песчаный
940;ПетеК;Петербургское/ая
941;Петер;Петергофское/ая
942;ПетрП;Петропавловская
943;ПетрС;Петровская/ий
944;Петро;Петровой
945;Печор;Печорская
946;ПилоН;Пилотная
947;Пилот;Пилотов
948;Пинег;Пинегина
949;ПионР;Отделение Пионер
950;ПионС;Пионерстроя
951;Пионе;Пионерская/ий
952;Пирог;Пирогова
953;Писар;Писарева
954;Писем;Писемского
955;ПискК;Пискаревский
956;Писка;Пискаревка
957;Плане;Планерная
958;Плано;Плановая
959;Пловд;Пловдивская
960;Плута;Плуталова
961;Пляж1;1-я Пляжевая
962;Пляж2;2-я Пляжевая
963;Пляже;Пляжевая/ый
964;Пляжн;Пляжная/ый
965;Побед;Победы
966;Повар;Поварской
967;Поги;Поги
968;ПогрВ;Пограничников
969;Погра;Пограничная/ый
970;Подбе;Подбельского
971;Подво;Подвойского
972;Подго;Подгорная
973;Подко;Подковырова
974;Подол;Подольская
975;Подре;Подрезова
976;Подъе;Подъездной
977;Покло;Поклонногорская
978;ПокрК;Покровка
979;Покро;Покровская
980;Покры;Покрышева
981;Поле1;Полевая 1-я
982;Поле2;Полевая 2-я
983;Полев;Полевая/ой
984;Полик;Поликарпова
985;Полит;Политехническая
986;Полоз;Полозова
987;Полта;Полтавская
988;Полюс;Полюстровский
989;Поля1;Полянская 1-я
990;Поля3;Полянская 3-я
991;ПоляК;Полянская
992;Полян;Поляна
993;Конда;Кондакопшино
994;Кондр;Кондратьевский
995;Конн;Конная/ый
996;КоннГ;Конногвардейская/ий
997;Коноп;Коноплянниковой
998;КонсК;Константиновский/ая
999;Конто;Конторская
1000;Конюш;Конюшенная/ый
1001;Коопе;Кооперативная
1002;КорВа;Королева
1003;Кораб;Кораблестроителей
1004;Корже;Корженевская
1005;Корне;Корнеева
1006;Корол;Короленко
1007;Корот;Короткая
1008;Корпу;Корпусная/ой
1009;Коряк;Корякова
1010;Кос;Косая/ой
1011;Косин;Косинова
1012;Космо;Космонавтов
1013;Костр;Костромская/ой
1014;Косты;Костылева
1015;Костю;Костюшко
1016;Косыг;Косыгина
1017;Котел;Котельникова
1018;Котин;Котина
1019;Котов;Котовского
1020;Крапи;Крапивный
1021;Красн;Красная/ый
1022;Красу;Красуцкого
1023;Крест;Крестовский
1024;Кржиж;Кржижановского
1025;Крив;Кривая/ой
1026;Криво;Кривоносовская
1027;Кронв;Кронверкская/ий
1028;Кронш;Кронштадтская/ое
1029;Кропо;Кропоткина
1030;Кругл;Круглая/ый
1031;Круго;Круговая
1032;Крупс;Крупской
1033;Крушт;Круштейна
1034;Крыле;Крыленко
1035;Крыло;Крылова
1036;КрюВа;Крюкова
1037;Кубин;Кубинская
1038;КузнК;Кузнецовская
1039;КузнЧ;Кузнечная/ый
1040;Кузне;Кузнецова
1041;Кузьм;Кузьминское
1042;Куйбы;Куйбышева
1043;Культ;Культуры
1044;Купа1;Купальный 1-й
1045;Купа2;Купальный 2-й
1046;Купал;Купальный
1047;Купчи;Купчинская
1048;Курля;Курляндская
1049;Курор;Курортная
1050;Курса;Курсантов
1051;Курск;Курская
1052;Курча;Курчатова
1053;Куста;Кустарный
1054;Кусто;Кустодиева
1055;Кутуз;Кутузова
1056;ЛБРИж;Левый берег реки Ижоры
1057;ЛГоли;Лени Голикова
1058;ЛМаци;Льва Мациевича
1059;ЛПилю;Летчика Пилютова
1060;ЛСтре;Латышских Стрелков
1061;ЛТолс;Льва Толстого
1062;ЛЧайк;Лизы Чайкиной
1063;ЛШмид;Лейтенанта Шмидта
1064;ЛаГЭС;Ладога-ГЭС
1065;Лабор;Лабораторная/ый
1066;Лабут;Лабутина
1067;Лагер;Лагерная/ый/ое
1068;Лагод;Лагоды
1069;Ладог;Ладога
1070;Ладож;Ладожский
1071;Ладыг;Ладыгина
1072;ЛазаН;Лазаретный
1073;Лазо;Лазо
1074;Лазур;Лазурная
1075;Ланск;Ланская/ое
1076;Ласса;Лассаля
1077;Лахти;Лахтинская/ий
1078;Лебед;Лебедева
1079;Леваш;Левашовский
1080;Левит;Левитана
1081;ЛениГ;Ленинградская/ий/ое
1082;ЛениК;Ленинская/ий
1083;Ленин;Ленина
1084;ЛенсК;Ленсоветовский
1085;Ленск;Ленская
1086;Ленсо;Ленсовета
1087;Ленэн;Ленэнерго
1088;Леонт;Леонтьевская
1089;ЛермК;Лермонтовский
1090;Лермо;Лермонтова
1091;Лесн;Лесная/ой/ое
1092;Лесн1;Лесная/ой 1-я/й
1093;Лесн2;Лесная/ой 2-я/й
1094;Лесн3;Лесной 3-й
1095;Лесоп;Лесопарковая
1096;Лешту;Лештуков
1097;Лигов;Лиговский
1098;Линей;Линейная/ый
1099;Липов;Липовая
1100;Лисич;Лисичанская
1101;Листв;Лиственная
1102;Литей;Литейная/ый
1103;Литер;Литераторов
1104;Литке;Литке
1105;Литов;Литовская
1106;Лифля;Лифляндская
1107;Лихар;Лихардовская
1108;Лицей;Лицейский
1109;Лодей;Лодейнопольская
1110;Ломан;Ломаная
1111;Ломов;Ломовская
1112;Ломон;Ломоносова
1113;Лосин;Лосиная
1114;Лоцма;Лоцманская
1115;Луго1;Луговая 1-я
1116;Луго2;Луговая 2-я
1117;Лугов;Луговая/ой
1118;Лужск;Лужская
1119;Луизи;Луизино
1120;Лунач;Луначарского
1121;Львов;Львовская
1122;Любим;Любимая
1123;Любли;Люблинский
1124;Лямин;Ляминский
1125;МБалк;Малая Балканская
1126;МБлюх;Маршала Блюхера
1127;МБуха;Малая Бухарестская
1128;МВЧ;Модуль Войсковая Часть
1129;МГово;Маршала Говорова
1130;МГорс;Малая Горская
1131;МГорь;Максима Горького
1132;МГреб;Малая Гребецкая
1133;МДСел;Малодетскосельский
1134;МДеся;Малая Десятинная
1135;МДубк;Морские Дубки
1136;МЖеле;Матроса Железняка
1137;МЖуко;Маршала Жукова
1138;МЗаха;Маршала Захарова
1139;МИван;Мыза-Ивановка
1140;МКазЧ;Малый Казачий
1141;МКаза;Маршала Казакова
1142;МКано;Малая Канонерская
1143;МКарп;Малая Карпатская
1144;МКоло;Механическая Колонна 60
1145;МКоню;Малая Конюшенная
1146;МЛени;Малая Ленинградская
1147;ММоне;Малая Монетная
1148;ММорс;Малая Морская
1149;ММоск;Малая Московская
1150;МНевк;Малой Невки
1151;МНови;Маршала Новикова
1152;МОхти;Малоохтинский
1153;МПехо;Морской Пехоты
1154;МПодь;Малая Подьяческая
1155;МПоса;Малая Посадская
1156;МПушк;Малая Пушкарская
1157;МРазн;Малая Разночинная
1158;МСадо;Малая Садовая
1159;МСамп;Малый Сампсониевский
1160;МСлав;Московская Славянка
1161;МСорт;Московская Сортировчная
1162;МТФ;Механизир. Товарная Ферма
1163;МТФер;Молочно-Товарная Ферма
1164;МТуха;Маршала Тухачевского
1165;МУлья;Марии Ульяновой
1166;МЯбло;Малая Яблоневка
1167;МагаН;Магазейная
1168;Магаз;Магазинная
1169;Магни;Магнитогорская
1170;Майко;Майков
1171;Майор;Майорова
1172;Майск;Майская
1173;МакВа;Макарова
1174;МакаС;Макаровская
1175;Макар;Макаренко
1176;Макли;Маклина
1177;Мал;Малая/ый
1178;Малин;Малиновская
1179;Малыг;Малыгина
1180;Манеж;Манежная/ый
1181;Мануи;Мануильского
1182;Манче;Манчестерская
1183;Марат;Марата
1184;МариС;Марининский
1185;Марии;Мариинская
1186;Марин;Маринеско
1187;Марки;Маркина
1188;Марсо;Марсово
1189;МартК;Мартыновская
1190;Марты;Мартынова
1191;Масля;Маслянный
1192;Масса;Массальского
1193;МастК;Мастерская
1194;Масте;Мастеровой
1195;МатвК;Матвеевский
1196;Матве;Матвеева
1197;Матро;Матросова
1198;Матюш;Матюшенко
1199;Машин;Машиностроителей
1200;Маяко;Маяковского
1201;Мгинс;Мгинская/ий
1202;Между;Международная
1203;Межев;Межевая/ой
1204;Межоз;Межозерная
1205;Мельн;Мельничная/ый
1206;Менде;Менделеевская
1207;Менши;Меншиковский
1208;Меньш;Меньшиковский
1209;МетаВ;Металлургов
1210;Метал;Металлистов
1211;Метро;Метростроевцев
1212;Механ;Механизаторов
1213;Мечни;Мечникова
1214;Мигун;Мигуновская
1215;Милли;Миллионная
1216;Минер;Минеральная
1217;Минск;Минский
1218;Мира;Мира
1219;Мирго;Миргородская
1220;Мирна;Мирная
1221;Мирон;Миронова
1222;Митав;Митавский
1223;МитрК;Митрофаньевская/ое
1224;Митро;Митрофановская
1225;МихаК;Михайловская
1226;Михай;Михайлова
1227;Мичма;Мичманская
1228;МичуК;Мичуринская
1229;Мичур;Мичурина
1230;Модул;Модуль
1231;Можай;Можайская/ий
1232;Моисе;Моисеенко
1233;Молда;Молдагуловой
1234;Молод;Молодежная/ое
1235;Молча;Молчанова
1236;Монче;Мончегорская
1237;Морав;Моравский
1238;Морех;Мореходная
1239;Морск;Морская/ой
1240;МосШд;Московское шоссе (дер.)
1241;Мосин;Мосина
1242;Москв;Москвиной
1243;Моско;Московская/ий/ое
1244;Мохов;Моховая
1245;Мошко;Мошков
1246;*;(не С.-Петербург)
1247;01630;в/ч 01630
1248;01985;в/ч 01985
1249;03051;в/ч 03051
1250;03213;в/ч 03213
1251;03216;в/ч 03216
1252;03431;в/ч 03431
1253;08774;в/ч 08774
1254;09436;в/ч 09436
1255;09631;в/ч 09631
1256;09632;в/ч 09632
1257;09788;в/ч 09788
1258;1;1-я/й
1259;10;10-я/й
1260;10953;в/ч 10953
1261;11;11-я/й
1262;11937;в/ч 11937
1263;12;12-я/й
1264;12882;в/ч 12882
1265;13;13-я/й
1266;13803;в/ч 13803
1267;13972;в/ч 13972
1268;13РМС;13РМС
1269;14;14-я/й
1270;14108;в/ч 14108
1271;15;15-я/й
1272;15281;в/ч 15281 Аэродром
1273;16;16-я/й
1274;17;17-я/й
1275;17646;в/ч 17646
1276;18;18-я/й
1277;19;19-я/й
1278;19357;в/ч 19357
1279;1Мая;1 Мая
1280;1Мая1;1 Мая 1-й
1281;1Мая2;1 Мая 2-й
1282;1Мая3;1 Мая 3-й
1283;1Мая4;1 Мая 4-й
1284;1Успе;1 Успенка
1285;1л1пр;1-я линия 1-ый проезд
1286;2;2-я/й
1287;20;20-я/й
1288;20032;в/ч 20032
1289;20160;в/ч 20160
1290;20914;в/ч 20914
1291;21;21-я/й
1292;21164;в/ч 21164
1293;21744;в/ч 21744
1294;22;22-я/й
1295;2209;в/ч 2209
1296;22569;в/ч 22569
1297;22760;в/ч 22760
1298;22862;в/ч 22862
1299;2290;в/ч 2290
1300;23;23-я/й
1301;24;24-я/й
1302;25;25-я/й
1303;25059;в/ч 25059
1304;25608;в/ч 25608
1305;26;26-я/й
1306;26920;в/ч 26920
1307;27;27-я/й
1308;28;28-я/й
1309;29;29-я/й
1310;2Июля;2 Июля
1311;3;3-я/й
1312;30930;в/ч 30930
1313;31053;в/ч 31053
1314;31342;в/ч 31342
1315;34;34-й
1316;35;35-й
1317;37427;в/ч 37427
1318;39;39-й
1319;39113;в/ч 39113
1320;3Втор;3-я Линия 2-я половина
1321;3Июля;3 Июля
1322;3Озер;3-го Озера
1323;3Перв;3-я Линия 1-я половина
1324;Кабал;Кабаловская
1325;55552;в/ч 55552
1326;Тюрис;Тюрисевская
1327;Мебел;Мебельная
1328;Топол;Тополиная
1329;СамсК;Самсоновская
1330;АнтрК;Антропшинская
1331;Осино;Осиновая
1332;ВолоК;Вологодская
1333;КедрК;Кедринская
1334;Лева2;Левашово-2
1335;Райко;Райколовская
1336;МожаК;Можайского
1337;КрасВ;Красивая
1338;Ялтин;Ялтинская
1339;Мишки;Мишкинская
1340;ЗелеК;Зеленецкий
1341;Полис;Полисарский
1342;СухоК;Суховский
1343;Верев;Веревская
1344;Выриц;Вырицкая
1345;Герто;Гертовская
1346;Кобри;Кобринская
1347;Мокко;Мокколовская
1348;Кобон;Кобонская
1349;Полко;Полковая
1350;Ясене;Ясеневый
1351;МОзер;Малая Озерная
1352;КонсЦ;Конституции
1353;Русск;Русская
1354;-;-
1355;Щучье;Щучье озеро
1356;МДудн;Михаила Дудина
1357;НикРу;Николая Рубцова
1358;ГенЛа;Генерала Лагуткина
1359;ВГавр;Валерия Гаврилина
1360;Вишер;Вишерская
1361;Попе4;Поперечная 4-я
1362;Попе5;Поперечная 5-я
1363;Попов;Попова
1364;Порто;Портовая
1365;Прист;Пристанская
1366;Прого;Прогонная
1367;Проез;Проездной
1368;РЛюкс;Розы Люксембург
1369;Радос;Радостный
1370;Ромаш;Ромашковая
1371;Рядов;Рядовая
1372;СВыбо;Средне-Выборгское
1373;СНарв;Старо-Нарвское
1374;СПосе;Станционный Поселок
1375;ССолн;"""Санаторий """"Солнечное"""""""
1376;Сашин;Сашинская
1377;Сверд;Свердлова
1378;Севе1;1-я Северная
1379;Тени1;1-я Тенистая
1380;Тени2;Тенистая 2-я
1381;Тимир;Тимирязева
1382;ТургВ;Тургенева
1383;Тярле;Тярлевский
1384;Учхоз;Учхоз/ная
1385;Федер;Федеративная
1386;Фронт;Фронтовая
1387;Фрукт;Фруктовая
1388;Хмель;Хмельницкого
1389;Целин;Целинная
1390;Щорса;Щорса
1391;Элект;Электриков
1392;Юнтол;Юнтоловская
1393;Заво2;Заводская 2-я
1394;НИжор;Нижняя Ижорская
1395;ВИжор;Верхняя Ижорская
1396;Бугры;улица Бугры
1397;БТРЗ;61 БТРЗ
1398;Дачн3;Дачная/ый 3
1399;Боро2;2-ая Боровая
1400;Зеле3;3-я Зеленая
1401;Шосс2;2-я Шоссейная
1402;ЮГерм;Юрия Германа
1403;Шосс1;1-я Шоссейная
1404;ДибуС;Дибунский
1405;Линду;Линдуловская
1406;ВПьян;Водопьянова
1407;Смагл;Смаглия
1408;ВПетр;Варвары Петровой
1409;2438;в/ч 2438
1410;35789;в/ч 35789
1411;6717;в/ч 6717
1412;МКашт;Малая Каштановая
1413;УН299;УНР-299
1414;31063;в/ч 31063
1415;39964;в/ч 39964
1416;55297;в/ч 55297
1417;Кшеси;Кшесинской
1418;10754;в/ч 10754
1419;26923;в/ч 26923
1420;25739;в/ч 25739
1421;НМета;На Металлострой
1422;71662;в/ч 71662
1423;СГорс;Светогорская
1424;Бабол;Баболовская
1425;МСове;Малая Советская
1426;Камча;Камчатская
1427;ППадс;Перепадская
1428;22885;в/ч 22885
1429;61852;в/ч 61852
1430;Совин;Совиная
1431;СРазл;"""Садоводство """"Разлив"""""""
1432;Роман;Романовская
1433;ПМолч;Профессора Молчанова
1434;Рюхин;Рюхина
1435;БНоче;Белых Ночей
1436;62228;в/ч 62228
1437;ЛеснК;Лесновская
1438;Нефтя;Нефтяная
1439;33491;в/ч 33491
1440;Своб1;Свободы 1-й
1441;Стари;Старинная
1442;Галст;Галстяна
1443;Запру;Запрудная
1444;Пушка;Пушкарский
1445;НАлеК;Новоалександровская
1446;ВБобр;Всеволода Боброва
1447;АПанш;Александра Паншина
1448;НСоко;Николая Соколова
1449;ЯблоВ;Яблоневая
1450;ДДюны;"""РЦ """"Детские Дюны"""""""
1451;ДинаК;Динамовская
1452;Белич;Беличья
1453;Оптик;Оптиков
1454;Высоц;Высоцкая
1455;74358;в/ч 74358
1456;Пихто;Пихтовая
1457;63635;в/ч 63635
1458;27177;в/ч 27177
1459;Брусн;Брусничная
1460;81358;в/ч 81358
1461;Криче;Кричевский
1462;64501;в/ч 64501
1463;Ивова;Ивовая
1464;Вокз;Вокзал
1465;Белов;Беловой
1466;Поляр;Полярников
1467;Помял;Помяловского
1468;Понто;Понтонная
1469;Попе1;Поперечная 1-я
1470;Попе2;Поперечная 2-я
1471;Попе3;Поперечная 3-я
1472;ПопоВ;Попово
1473;Посад;Посадская
1474;Посел;Поселковая/ый
1475;Потем;Потемкинская
1476;Почта;Почтамтская/ий
1477;Почто;Почтовая/ый
1478;Поэти;Поэтический
1479;Правд;Правды
1480;Правл;Правленская
1481;Пражс;Пражская
1482;Праче;Прачечный
1483;Пред5;Предпортовый 5-й
1484;Преоб;Преображенская
1485;Пржев;Пржевальского
1486;Прибр;Прибрежная
1487;Приво;Привокзальная/ый
1488;Приго;Пригородная/ый
1489;Придо;Придорожная
1490;Прилу;Прилукская
1491;Прима;Примакова
1492;Примо;Приморская/ий/ое
1493;Приоз;Приозерское
1494;Прови;Провиантская
1495;Проек;Проектируемая
1496;Проко;Прокофьева
1497;Проле;Пролетарская/ий
1498;Проме;Промежуточная
1499;Промы;Промышленная/ый
1500;Просв;Просвещения
1501;Просп;Проспект
1502;ПрофН;Профсоюзная
1503;Профс;Профсоюзов
1504;Прудк;Прудковский
1505;Прудо;Прудовая
1506;Пряди;Прядильный
1507;Прям;Прямая/ой
1508;Псков;Псковская
1509;Пугач;Пугачева
1510;Пудож;Пудожская
1511;Пулем;Пулеметчиков
1512;ПулкВ;Пулково
1513;Пулко;Пулковская/ое
1514;Пусто;Пустой
1515;Путе1;Путейский 1-й
1516;Путе2;Путейский 2-й
1517;Путей;Путейская
1518;ПушкК;Пушкинская/ий
1519;Пушки;Пушкина
1520;Пущин;Пущина
1521;Пязел;Пязелево
1522;Пятил;Пятилеток
1523;РВолк;Реки Волковки
1524;РЕкат;Реки Екатерингофки
1525;РЗорг;Рихарда Зорге
1526;РКаме;Реки Каменки
1527;РКарп;Реки Карповки
1528;РКорс;Римского-Корсакова
1529;РКузь;Редко-Кузьмино
1530;РМойк;Реки Мойки
1531;РОкке;Реки Оккервиль
1532;РПряж;Реки Пряжки
1533;РСест;Реки Сестры
1534;РСмол;Реки Смоленки
1535;РФонт;Реки Фонтанки
1536;Работ;Работницы
1537;Рабоч;Рабочая/ий
1538;Рабф1;Рабфаковский 1-й
1539;Рабф2;Рабфаковский 2-й
1540;Рабф3;Рабфаковский 3-й
1541;Рабфа;Рабфаковская
1542;Равен;Равенства
1543;Радиа;Радиальная
1544;Радищ;Радищева
1545;Раевс;Раевского
1546;Разве;Разведчика
1547;Разво;Разводная
1548;Разде;Раздельный
1549;Разли;Разливная/ой
1550;Разъе;Разъезжая
1551;Ракит;Ракитовская
1552;Раков;Ракова
1553;Рамбо;Рамболово
1554;Расст;Расстанная
1555;Растр;Растрелли
1556;Раумс;Раумская
1557;Рашет;Рашетова
1558;Револ;Революции
1559;Резна;Резная
1560;Ремес;Ремесленная
1561;Ремиз;Ремизова
1562;Рентг;Рентгена
1563;Репин;Репина
1564;Репищ;Репищева
1565;Респу;Республиканская
1566;Рехко;Рехколовское
1567;Речн;Речная/ой
1568;РешВо;Решетниково
1569;Решет;Решетникова
1570;Ржевс;Ржевская
1571;Рижск;Рижская/ий
1572;Робес;Робеспьера
1573;Розен;Розенштейна
1574;Ромен;Роменская
1575;Ропши;Ропшинская/ое
1576;Росс2;Российская 2-я
1577;Росс3;Российская 3-я
1578;Росс4;Российская 4-я
1579;Росс5;Российская 5-я
1580;Росс6;Российская 6-я
1581;Росс7;Российская 7-я
1582;Росси;Российская/ий
1583;Рошал;Рошаля
1584;Рощин;Рощинская/ий/ое
1585;Рубак;Рубакина
1586;Рубеж;Рубежная
1587;Рубин;Рубинштейна
1588;Рудне;Руднева
1589;Рузов;Рузовская
1590;Руста;Руставели
1591;Ручей;Ручейная/ый
1592;Ручьи;Ручьи
1593;Рыбац;Рыбацкая/ий/ое
1594;Рыбин;Рыбинская
1595;Рылее;Рылеева
1596;Рынде;Рынделево
1597;Рябин;Рябиновая
1598;Рябов;Рябовское
1599;Рябчи;Рябчикова
1600;СБель;Старобельская
1601;СГава;Среднегаванская/ий
1602;СДКуб;Сантьяго-де-Куба
1603;СДача;Серая дача
1604;СДер1;Стародеревенская 1-я
1605;СДер2;Стародеревенская 2-я
1606;СДер3;Стародеревенская 3-я
1607;СДере;Стародеревенская
1608;СДумо;Скородумовская
1609;СКабе;Сев.Кабель
1610;СКова;Софьи Ковалевской
1611;СКорз;Солдата Корзуна
1612;СЛени;Средняя Ленинградская
1613;СОрло;Старо-Орловская
1614;СОхти;Среднеохтинский
1615;СПеро;Софьи Перовской
1616;СПетК;Санкт-Петербургский/ое
1617;СПете;Старо-Петергофский
1618;СПетр;Санаторий Петродворец
1619;СПеча;Союза Печатников
1620;СПодь;Средняя Подьяческая
1621;СПоля;Сосновая Поляна
1622;СРази;Степана Разина
1623;СРусс;Старорусская
1624;ССвяз;Союза Связи
1625;СТюле;Сергея Тюленина
1626;СХодо;Скороходовская
1627;СЩедр;Салтыкова-Щедрина
1628;Сабли;Саблинская
1629;Савуш;Савушкина
1630;СадоД;Садоводство
1631;Садов;Садовая/ый
1632;Салов;Салова
1633;Самой;Самойловой
1634;Самсо;Самсониевская
1635;Санат;Санаторная/ый
1636;Сапер;Саперный/ая
1637;Сапож;Сапожная
1638;Сарат;Саратовская
1639;Сафро;Сафронова
1640;Сахар;Сахарный
1641;Сборн;Сборная
1642;Свеаб;Свеаборгская
1643;СверК;Свердловская
1644;Светл;Светлановский
1645;Свечн;Свечной
1646;Свобо;Свободы
1647;Связи;Связи
1648;Связн;Связная
1649;СевВа;Севастьянова
1650;Севас;Севастопольская/ий
1651;Север;Северная/ый
1652;Сегал;Сегалева
1653;Седов;Седова
1654;Сельс;Сельская/ий
1655;Семе2;Семеновская 2-я
1656;Семен;Семеновская
1657;Сенна;Сенная
1658;Серги;Сергиевская/ий
1659;Сердо;Сердобольская
1660;СереВ;Серебряков
1661;Сереб;Серебристый
1662;Серов;Серова
1663;Серпу;Серпуховская
1664;Сестр;Сестрорецкая/ое
1665;Сибир;Сибирская
1666;Сидор;Сидоровсий
1667;Сизов;Сизова
1668;Сикей;Сикейроса
1669;Симон;Симонова
1670;Синоп;Синопская
1671;Синяв;Синявинская
1672;Сирен;Сиреневый
1673;Ситце;Ситцевая
1674;Скобе;Скобелевский
1675;Скоро;Скороходова
1676;Скури;Скуридина
1677;СлавК;Славянская
1678;Славы;Славы
1679;Славя;Славянка
1680;Слобо;Слободская
1681;Смирн;Смирнова
1682;СмолН;Смольного
1683;Смоле;Смоленская
1684;Смоль;Смольный
1685;Смоля;Смолячкова
1686;Собол;Соболевская
1687;Собор;Соборная
1688;Собст;Собственный
1689;Сов10;Советская 10-я
1690;Сове1;Советская 1-я
1691;Сове2;Советская 2-я
1692;Сове3;Советская 3-я
1693;Сове4;Советская 4-я
1694;Сове5;Советская 5-я
1695;Сове6;Советская 6-я
1696;Сове7;Советская 7-я
1697;Сове8;Советская 8-я
1698;Сове9;Советская 9-я
1699;Совет;Советская/ий
1700;Совхо;Совхозная/ый
1701;Солда;Солдатский
1702;Солид;Солидарности
1703;Солне;Солнечная
1704;Солян;Соляной
1705;СоснК;Сосновский/ая
1706;Сосно;Сосновая/ый
1707;Состя;Состязаний
1708;Софий;Софийская
1709;Социа;Социалистическая
1710;Сочин;Сочинская
1711;Союзн;Союзная
1712;Спарт;Спартака
1713;Спасс;Спасский
1714;Спири;Спирина
1715;Спорт;Спортивная
1716;Средн;Средняя/ий
1717;Ставр;Ставропольская
1718;Станц;Станционная/ый
1719;Станю;Станюковича
1720;Стара;Старая
1721;Старц;Старцева
1722;Стасо;Стасовой
1723;СтахЦ;Стахановцев
1724;Стаха;Стахановская
1725;Стаче;Стачек
1726;Стойк;Стойкости
1727;Столя;Столярный
1728;Сторо;Старожиловская
1729;СтреВ;Стрелковая
1730;СтреК;Стрельбищенская
1731;Стрел;Стрельнинская/ое
1732;Стрем;Стремянная
1733;СтроН;Строительная/ый
1734;Строи;Строителей
1735;Студе;Студенческая
1736;СувВа;Суворова
1737;СувоВ;Суворовцев
1738;Сувор;Суворовская/ий
1739;Судос;Судостроителей
1740;Сузда;Суздальский
1741;Сурги;Сургина
1742;Сусло;Суслова
1743;Счаст;Счастливая
1744;Съезд;Съездовская
1745;Съезж;Съезжинская
1746;Сызра;Сызранская
1747;Сытни;Сытнинская
1748;ТГора;Троицкая Гора
1749;ТХрус;Танкиста Хрустицкого
1750;Таври;Таврическая/ий
1751;Тазае;Тазаева
1752;Талал;Талалихина
1753;Талли;Таллиннская/ое
1754;Тамба;Тамбасова
1755;Тамбо;Тамбовская
1756;Танки;Танкистов
1757;Танко;Танковый
1758;Тарас;Тарасова
1759;Тарх2;Тарховская 2-я
1760;Тарх3;Тарховская 3-я
1761;Тарх4;Тарховская 4-я
1762;Тарх5;Тарховская 5-я
1763;Тарх6;Тарховская 6-я
1764;Тархо;Тарховская/ий
1765;Татар;Татарский
1766;Ташке;Ташкентская
1767;Тбили;Тбилисская
1768;Тверс;Тверская
1769;Театр;Театральная
1770;Телег;Телеграфная
1771;Тележ;Тележная
1772;ТельК;Тельмановская
1773;Тельм;Тельмана
1774;Темяш;Темяшкино
1775;Тепло;Тепловозная
1776;Тимур;Тимуровская
1777;Типан;Типанова
1778;Тих;Тихая/ий
1779;Тихор;Тихорецкий
1780;Ткаче;Ткачей
1781;Тобол;Тобольская
1782;Товар;Товарищеский
1783;Токар;Токарева
1784;Толма;Толмачева
1785;Торго;Торговая/ый
1786;Торез;Тореза
1787;Торжк;Торжковская
1788;Торф1;Торфяная/ой  1-я/1-й
1789;Торф2;Торфяная 2-я
1790;Торф3;Торфяная 3-я
1791;Торфя;Торфяная
1792;Тосне;Тосненский
1793;Травя;Травяная
1794;Тракт;Тракторная/ый
1795;Трамв;Трамвайный
1796;Тран1;Трансформаторный 1-й
1797;ТранФ;Трансформаторный
1798;Транс;Транспортная/ый
1799;Трефо;Трефолева
1800;Троиц;Троицкая/ий
1801;Труда;Труда
1802;Трудо;Трудовая/ой
1803;Трудя;Трудящихся
1804;Тульс;Тульская
1805;Тупик;Тупиковая/ый
1806;Турби;Турбинная
1807;Турге;Тургеневский
1808;Турис;Туристская
1809;Турку;Турку
1810;Тучко;Тучков
1811;ТютчК;Тютчевская
1812;Тюшин;Тюшина
1813;УГром;Ульяны Громовой
1814;УСлав;Усть-Славянка
1815;Углов;Угловая/ой
1816;УголП;Угольная пристань
1817;Уголь;Угольная/ый
1818;Удало;Удаловская
1819;Ударн;Ударников
1820;Удель;Удельный
1821;Узкая;Узкая
1822;УльяК;Ульяновская
1823;Униве;Университетская/ий
1824;Ураль;Уральская
1825;Урицк;Урицкого
1826;Урюпи;Урюпин
1827;Успен;Успенка
1828;Утин1;Утиная 1-я
1829;Утин2;Утиная 2-я
1830;Уткин;Уткин
1831;Уточк;Уточкина
1832;Учебн;Учебный
1833;Учите;Учительская
1834;Ушако;Ушаковская
1835;Ушинс;Ушинского
1836;Ушков;Ушковская
1837;ФПосе;Фабричный Поселок
1838;ФЭнге;Фридриха Энгельса
1839;Фабри;Фабричная
1840;Фавор;Фаворского
1841;Фанер;Фанерная/ый
1842;Фарфо;Фарфоровская/ий
1843;Федор;Федоровская
1844;Федос;Федосеенко
1845;Федот;Федотовская
1846;Федюн;Федюнинского
1847;Фейги;Фейгина
1848;Ферм2;Ферма 2-ая
1849;Ферм3;Ферма 3-я
1850;Ферма;Ферма
1851;Фермс;Фермское
1852;Филат;Филатовых
1853;Фильт;Фильтровское
1854;Финля;Финляндская/ий
1855;Финск;Финский
1856;Флотс;Флотская
1857;Фокин;Фокина
1858;Фонар;Фонарный
1859;Фотие;Фотиевой
1860;Фофан;Фофановой
1861;Фрунз;Фрунзе
1862;Фураж;Фуражный
1863;Фурма;Фурманова
1864;Фуршт;Фурштатская
1865;Фучик;Фучика
1866;ХШМин;Хошимина
1867;Хабар;Хабаровская
1868;Халту;Халтурина
1869;Харче;Харченко
1870;Харьк;Харьковская
1871;Хасан;Хасанская
1872;Хвойн;Хвойная/ый
1873;Херсо;Херсонская/ий
1874;Химик;Химиков
1875;Хлопи;Хлопина
1876;Холми;Холмистая
1877;Хохря;Хохрякова
1878;Хруст;Хрустальная
1879;Худож;Художников
1880;Цвето;Цветочная
1881;Цемян;Цемяночная
1882;Центр;Центральная/ый
1883;Церко;Церковная
1884;Цимба;Цимбалина
1885;Цимля;Цимлянская/ий
1886;Циолк;Циолковского
1887;Цитад;Цитадельское
1888;ЧКаза;Червонного Казачества
1889;ЧМорс;Черноморский
1890;ЧРече;Чернореченская
1891;ЧРечк;Черной/ая Речки/а
1892;ЧСект;Частный Сектор
1893;Чайко;Чайковского
1894;Чапае;Чапаева
1895;Чапыг;Чапыгина
1896;Чебыш;Чебышевская
1897;Чекис;Чекистов
1898;Челяб;Челябинская
1899;Черка;Черкасова
1900;ЧернГ;Чернышевского
1901;ЧернК;Черниговская/ий
1902;ЧернН;Черничная
1903;Черни;Черникова
1904;Черно;Чернова
1905;Черны;Чернышевская
1906;Черня;Черняховского
1907;Чехов;Чехова
1908;ЧистК;Чистяковская
1909;Чистя;Чистякова
1910;Чичер;Чичеринская
1911;ЧкалК;Чкаловский
1912;Чкало;Чкалова
1913;Чугун;Чугунная
1914;Чудно;Чудновского
1915;Шавро;Шаврова
1916;Шамше;Шамшева
1917;Шаров;Шарова
1918;Шател;Шателена
1919;Шаумя;Шаумяна
1920;Шахма;Шахматова
1921;Швейц;Швейцарская
1922;Шверн;Шверника
1923;Швецо;Швецова
1924;Шевче;Шевченко
1925;Шелгу;Шелгунова
1926;Шепет;Шепетовская
1927;Широ2;2-й Широкий
1928;Широк;Широкая
1929;Шишки;Шишкина
1930;Шишко;Вячеслава Шишкова
1931;Шишма;Шишмаревский
1932;Шкапи;Шкапина
1933;Шкипе;Шкиперский
1934;Школь;Школьная/ый
1935;Шлисс;Шлиссельбургский/ое
1936;Шоссе;Шоссейная
1937;Шоста;Шостаковича
1938;Шотла;Шотландская
1939;Шотма;Шотмана
1940;Шпале;Шпалерная
1941;Штурм;Штурманская
1942;Шувал;Шуваловский
1943;Шумба;Шумба
1944;ЩербВ;Щербакова
1945;Щерба;Щербаков
1946;Щукин;Щукин
1947;Щуппа;Щуппа
1948;ЭПере;Электропередач
1949;Эйхен;Эйхенская
1950;Экипа;Экипажная
1951;Элева;Элеваторная
1952;Энгел;Энгельса
1953;Энерг;Энергетиков
1954;Энтуз;Энтузиастов
1955;Эрива;Эриванская
1956;Эрлер;Эрлеровский
1957;Эспер;Эсперова
1958;Эстон;Эстонская
1959;ЮБонд;Юты Бондаровской
1960;ЮГага;Юрия Гагарина
1961;ЮИнге;Юрия Инге
1962;ЮЛени;Юного Ленинца
1963;ЮПион;Юных Пионеров
1964;ЮПрол;Юных Пролетариев
1965;Южн;Южная/ое
1966;Юкков;Юкковское
1967;Юризи;Юризанская
1968;ЯГаше;Ярослава Гашека
1969;ЯИжор;Ям-Ижора
1970;Яблон;Яблоневка
1971;Яблоч;Яблочкова
1972;Яковл;Яковлевский
1973;Якорн;Якорная
1974;Якубо;Якубовича
1975;Яросл;Ярославская/ий
1976;Ясель;Ясельный
1977;Яхтен;Яхтенная
1978;Яхтин;Яхтинская
1979;Слепу;Слепушкина
1980;03;в/ч 3
1981;КресК;Крестьянский
1982;ПредП;Предпортовая
1983;Шафир;Шафировский
1984;Тамож;Таможенный
1985;70170;в/ч 70170
1986;37492;в/ч 37492
1987;Трост;Тростниковая
1988;АдмиР;Адмиральский
1989;ЖукВо;Жуковско-Волынская
1990;Зауса;Заусадебная
1991;22236;в/ч 22236
1992;Клено;Кленовая
1993;Медве;Медвежий
1994;ЗверЦ;Звериницкая
1995;Гуммо;Гуммолосаровская
1996;ЛебеН;Лебединая
1997;Демин;Деминский
1998;Шипки;Шипкинский
1999;11935;в/ч 11935
2000;61240;в/ч 61240
2001;22966;в/ч 22966
2002;96719;в/ч 96719
2003;Заво1;Заводская 1-я
2004;Креме;Кременчугская
2005;Марьи;Марьино
2006;Бере2;Березовая 2-ая
2007;КораЛ;Корабельная
2008;БерГ1;Береговая 1-я
2009;БерГ2;Береговая 2-я
2010;1УсЛК;1-я Успенка Лесной кордон
2011;РМона;Реки Монастырки
2012;Короб;Коробицына
2013;3278;в/ч 3278
2014;13252;в/ч 13252
2015;56456;в/ч 56456
2016;ФУПВО;Ф-л Воен.Университета ПВО
2017;Серто;Сертоловская/ий
2018;63392;в/ч 63392
2019;НБеле;Новобелецкая
2020;2518;в/ч 2518
2021;АКома;Академика Комарова
2022;Меже2;2-й Межевой
2023;Биоло;Биологическая
2024;Поля2;Полянская 2-я
2025;Меже1;1-й Межевой
2026;Краса;Красавица
2027;Слуцк;Слуцкая
2028;2653;в/ч 2653
2029;3636;в/ч 3636
2030;Таицк;Таицкая
2031;ОрехК;Ореховская
2032;51317;в/ч 51317
2033;НБели;Новобелицкая
2034;Лагвч;Лагерное шоссе в/ч 01630
2035;я;
2036;в/ч 45618;в/ч 45618
2037;ФАбрам;Федора Абрамова
2038;АДМЧЕР;Адмирала Черокова
2039;2КЛа1;2-й 1-й Конной Лахты
2040;Севе2;2-я Северная
2041;Лыжн;Лыжный
2042;Росто;Ростовская
2043;СВолх;"Садоводство ""Волхонское"""
2044;Окуло;Окуловская
2045;Внутр;Внутреннее кольцо
2046;Галиц;Галицкая
2047;Томпо;Томполовская
2048;Иност;Иностранный
2049;2Верх;2-й Верхний
2050;Полоц;Полоцкая
2051;Солов;Соловьиная
2052;Прест;Престижная
2053;Чаяно;Чаяновская
2054;3Верх;3-й Верхний
2055;Жемчу;Жемчужная
2056;22940;в/ч 22940
2057;АДМТРИ;Адмирала Трибуца
2058;ИЗБОР;Изборская
2059;РУСАНОВ;Русановская
